letter;weight_I;relative_weight_I;weight_II;relative_weight_II;weight_III;relative_weight_III;weight_IV;relative_weight_IV;total_weight;relative_total_weight;center_y;center_x;relative_center_y;relative_center_x;inertia_y;inertia_x;relative_inertia_y;relative_inertia_x;profile_x;profile_y
А;30.529411764705884;0.012211764705882354;30.992156862745098;0.012396862745098039;82.0156862745098;0.032806274509803925;138.75294117647059;0.055501176470588234;282.29019607843134;0.028229019607843134;58.56347243831962;50.46242220493443;0.5856347243831962;0.5046242220493443;18263.67981201705;25708.1882134483;0.0001826367981201705;0.00025708188213448296;"0.0;0.0;0.0;0.0;0.0;0.0;0.0;0.0;0.0;0.0;0.0;0.0;0.0;0.0;0.0;0.0;0.0;0.0;0.0;0.0;0.0;0.0;0.0;0.0;0.0;0.0;0.0;0.0;0.0;0.0;0.0;0.6274509803921569;1.2352941176470589;1.5647058823529412;2.3058823529411763;3.6980392156862747;5.572549019607843;7.792156862745098;8.301960784313726;6.929411764705883;6.435294117647059;6.443137254901961;7.031372549019608;6.854901960784313;6.862745098039215;6.858823529411764;6.862745098039215;6.866666666666666;8.239215686274509;12.062745098039215;13.43921568627451;13.454901960784314;13.458823529411765;13.470588235294118;13.149019607843137;13.070588235294117;13.568627450980392;14.788235294117648;14.984313725490196;12.615686274509804;10.239215686274509;7.874509803921568;5.584313725490196;3.6862745098039214;2.3568627450980393;1.6784313725490196;1.2705882352941176;1.0549019607843138;0.0;0.0;0.0;0.0;0.0;0.0;0.0;0.0;0.0;0.0;0.0;0.0;0.0;0.0;0.0;0.0;0.0;0.0;0.0;0.0;0.0;0.0;0.0;0.0;0.0;0.0;0.0;0.0;0.0;0.0;0.0;0.0";"0.0;0.0;0.0;0.0;0.0;0.0;0.0;0.0;0.0;0.0;0.0;0.0;0.0;0.0;0.0;0.0;0.0;0.0;0.0;0.0;0.0;0.0;0.0;0.0;0.0;0.0;0.0;0.0;0.0;0.0;0.0;0.0;0.0;0.0;0.0;0.0;0.0;0.0;1.2980392156862746;2.152941176470588;3.003921568627451;3.854901960784314;4.705882352941177;5.556862745098039;6.411764705882353;6.901960784313726;6.905882352941177;6.905882352941177;6.913725490196079;6.909803921568628;6.913725490196079;6.921568627450981;6.913725490196079;6.91764705882353;6.913725490196079;6.921568627450981;6.921568627450981;6.91764705882353;6.925490196078432;19.172549019607843;20.027450980392157;7.1568627450980395;7.235294117647059;7.309803921568627;7.3803921568627455;7.462745098039216;7.541176470588235;7.666666666666667;7.984313725490196;8.686274509803921;10.43921568627451;16.007843137254902;24.431372549019606;0.0;0.0;0.0;0.0;0.0;0.0;0.0;0.0;0.0;0.0;0.0;0.0;0.0;0.0;0.0;0.0;0.0;0.0;0.0;0.0;0.0;0.0;0.0;0.0;0.0;0.0;0.0"
Б;69.45490196078431;0.027781960784313726;34.78823529411765;0.013915294117647059;137.74901960784314;0.055099607843137256;119.7764705882353;0.04791058823529412;361.7686274509804;0.036176862745098036;56.59871437707993;48.986233211564105;0.5659871437707993;0.48986233211564106;19670.28437717132;42204.595323627924;0.00019670284377171319;0.00042204595323627926;"0.0;0.0;0.0;0.0;0.0;0.0;0.0;0.0;0.0;0.0;0.0;0.0;0.0;0.0;0.0;0.0;0.0;0.0;0.0;0.0;0.0;0.0;0.0;0.0;0.0;0.0;0.0;0.0;0.0;0.0;0.0;0.0;0.0;0.0;0.0;0.0784313725490196;1.8392156862745097;2.227450980392157;2.556862745098039;3.2784313725490195;8.925490196078432;34.0;34.0;34.0;34.0;27.63921568627451;6.3882352941176475;6.1647058823529415;6.03921568627451;6.066666666666666;6.235294117647059;6.56078431372549;7.105882352941176;7.819607843137255;8.862745098039216;10.305882352941177;12.741176470588234;18.41176470588235;19.80392156862745;20.5921568627451;19.08627450980392;10.333333333333334;6.486274509803922;0.2196078431372549;0.0;0.0;0.0;0.0;0.0;0.0;0.0;0.0;0.0;0.0;0.0;0.0;0.0;0.0;0.0;0.0;0.0;0.0;0.0;0.0;0.0;0.0;0.0;0.0;0.0;0.0;0.0;0.0;0.0;0.0;0.0;0.0;0.0;0.0;0.0;0.0";"0.0;0.0;0.0;0.0;0.0;0.0;0.0;0.0;0.0;0.0;0.0;0.0;0.0;0.0;0.0;0.0;0.0;0.0;0.0;0.0;0.0;0.0;0.0;0.0;0.0;0.0;0.0;0.0;0.0;0.0;0.0;0.0;0.0;0.0;0.0;0.0;0.0;0.0;0.0;24.427450980392155;21.701960784313727;10.31764705882353;7.780392156862745;6.925490196078432;6.447058823529412;6.113725490196078;5.894117647058824;4.87843137254902;4.87843137254902;4.87843137254902;4.87843137254902;4.87843137254902;4.87843137254902;4.87843137254902;13.427450980392157;17.28235294117647;13.325490196078432;11.549019607843137;11.007843137254902;10.780392156862746;10.670588235294117;10.619607843137254;10.615686274509804;10.6;10.6;10.627450980392156;10.674509803921568;10.823529411764707;11.156862745098039;11.772549019607844;13.803921568627452;19.4;19.274509803921568;0.0;0.0;0.0;0.0;0.0;0.0;0.0;0.0;0.0;0.0;0.0;0.0;0.0;0.0;0.0;0.0;0.0;0.0;0.0;0.0;0.0;0.0;0.0;0.0;0.0;0.0;0.0"
В;76.69411764705882;0.030677647058823528;62.6078431372549;0.02504313725490196;151.42352941176472;0.060569411764705886;149.6313725490196;0.05985254901960784;440.35686274509806;0.04403568627450981;55.69912103374268;48.65059532820974;0.5569912103374268;0.4865059532820974;34129.961206675725;47981.15491469032;0.00034129961206675724;0.0004798115491469032;"0.0;0.0;0.0;0.0;0.0;0.0;0.0;0.0;0.0;0.0;0.0;0.0;0.0;0.0;0.0;0.0;0.0;0.0;0.0;0.0;0.0;0.0;0.0;0.0;0.0;0.0;0.0;0.0;0.0;0.0;0.0;0.0;0.2823529411764706;2.0;2.0549019607843135;2.364705882352941;3.2588235294117647;10.290196078431373;34.0;34.0;34.0;34.0;26.67058823529412;7.286274509803921;6.745098039215686;6.3843137254901965;6.196078431372549;6.090196078431372;6.137254901960785;6.356862745098039;6.752941176470588;7.415686274509804;8.352941176470589;9.772549019607844;11.72156862745098;14.627450980392156;19.54901960784314;25.91372549019608;28.43921568627451;25.992156862745098;22.650980392156864;17.654901960784315;9.403921568627451;3.992156862745098;0.0;0.0;0.0;0.0;0.0;0.0;0.0;0.0;0.0;0.0;0.0;0.0;0.0;0.0;0.0;0.0;0.0;0.0;0.0;0.0;0.0;0.0;0.0;0.0;0.0;0.0;0.0;0.0;0.0;0.0;0.0;0.0;0.0;0.0;0.0;0.0";"0.0;0.0;0.0;0.0;0.0;0.0;0.0;0.0;0.0;0.0;0.0;0.0;0.0;0.0;0.0;0.0;0.0;0.0;0.0;0.0;0.0;0.0;0.0;0.0;0.0;0.0;0.0;0.0;0.0;0.0;0.0;0.0;0.0;0.0;0.0;0.0;0.0;0.0;0.0;20.67058823529412;20.909803921568628;14.035294117647059;11.35686274509804;10.75294117647059;10.43921568627451;10.270588235294118;10.196078431372548;10.176470588235293;10.231372549019607;10.262745098039217;10.380392156862746;10.549019607843137;10.894117647058824;12.737254901960783;19.780392156862746;19.44313725490196;13.650980392156862;11.941176470588236;11.423529411764706;11.16470588235294;11.04313725490196;10.929411764705883;10.823529411764707;10.776470588235295;10.749019607843136;10.709803921568627;10.729411764705882;10.850980392156863;11.125490196078431;11.717647058823529;14.992156862745098;22.44705882352941;22.19607843137255;0.0;0.0;0.0;0.0;0.0;0.0;0.0;0.0;0.0;0.0;0.0;0.0;0.0;0.0;0.0;0.0;0.0;0.0;0.0;0.0;0.0;0.0;0.0;0.0;0.0;0.0;0.0"
Г;69.94509803921568;0.02797803921568627;39.48627450980392;0.015794509803921566;127.06274509803922;0.050825098039215685;0.7333333333333333;0.0002933333333333333;237.22745098039215;0.023722745098039216;52.95391202287868;45.39690542707421;0.5295391202287868;0.4539690542707421;9234.330590964502;31606.62551654818;9.234330590964502e-05;0.00031606625516548184;"0.0;0.0;0.0;0.0;0.0;0.0;0.0;0.0;0.0;0.0;0.0;0.0;0.0;0.0;0.0;0.0;0.0;0.0;0.0;0.0;0.0;0.0;0.0;0.0;0.0;0.0;0.0;0.0;0.0;0.0;0.0;0.0;0.0;0.0;0.0;0.12549019607843137;2.074509803921569;2.23921568627451;2.5803921568627453;3.2823529411764705;8.117647058823529;34.0;34.0;34.0;34.0;28.470588235294116;4.32156862745098;3.4980392156862745;3.219607843137255;3.0784313725490198;2.7333333333333334;2.0;2.0;2.0;2.0;2.003921568627451;2.0274509803921568;2.0862745098039217;2.215686274509804;2.454901960784314;2.980392156862745;4.0588235294117645;6.670588235294118;4.988235294117647;0.0;0.0;0.0;0.0;0.0;0.0;0.0;0.0;0.0;0.0;0.0;0.0;0.0;0.0;0.0;0.0;0.0;0.0;0.0;0.0;0.0;0.0;0.0;0.0;0.0;0.0;0.0;0.0;0.0;0.0;0.0;0.0;0.0;0.0;0.0;0.0";"0.0;0.0;0.0;0.0;0.0;0.0;0.0;0.0;0.0;0.0;0.0;0.0;0.0;0.0;0.0;0.0;0.0;0.0;0.0;0.0;0.0;0.0;0.0;0.0;0.0;0.0;0.0;0.0;0.0;0.0;0.0;0.0;0.0;0.0;0.0;0.0;0.0;0.0;0.0;27.63137254901961;24.67843137254902;9.729411764705882;7.63921568627451;6.803921568627451;6.32156862745098;6.0627450980392155;5.929411764705883;4.87843137254902;4.87843137254902;4.87843137254902;4.87843137254902;4.87843137254902;4.87843137254902;4.87843137254902;4.87843137254902;4.87843137254902;4.87843137254902;4.87843137254902;4.87843137254902;4.87843137254902;4.87843137254902;4.87843137254902;4.87843137254902;4.87843137254902;4.87843137254902;4.87843137254902;4.87843137254902;4.91764705882353;5.023529411764706;5.313725490196078;5.984313725490196;8.83921568627451;14.784313725490197;0.0;0.0;0.0;0.0;0.0;0.0;0.0;0.0;0.0;0.0;0.0;0.0;0.0;0.0;0.0;0.0;0.0;0.0;0.0;0.0;0.0;0.0;0.0;0.0;0.0;0.0;0.0"
Д;53.819607843137256;0.021527843137254903;99.17254901960784;0.03966901960784314;106.67450980392157;0.042669803921568626;143.64313725490197;0.05745725490196079;403.3098039215687;0.04033098039215687;54.46945859748745;51.71183540119016;0.5446945859748745;0.5171183540119015;37336.940995881065;68651.40027237141;0.00037336940995881063;0.0006865140027237141;"0.0;0.0;0.0;0.0;0.0;0.0;0.0;0.0;0.0;0.0;0.0;0.0;0.0;0.0;0.0;0.0;0.0;0.0;0.0;0.0;0.0;0.0;0.0;0.0;0.0;0.0;0.0;0.0;0.0;0.0;0.0;0.0;3.803921568627451;10.64313725490196;8.188235294117646;6.752941176470588;6.015686274509804;5.890196078431373;7.188235294117647;8.054901960784314;8.450980392156863;9.462745098039216;11.807843137254903;18.48235294117647;22.48235294117647;15.87843137254902;5.392156862745098;4.0;4.0;4.0;4.0;4.0;4.011764705882353;4.043137254901961;4.1647058823529415;4.454901960784314;14.12156862745098;34.372549019607845;34.62352941176471;34.94509803921569;35.48235294117647;25.023529411764706;7.352941176470588;7.533333333333333;9.149019607843137;11.717647058823529;3.819607843137255;0.0;0.0;0.0;0.0;0.0;0.0;0.0;0.0;0.0;0.0;0.0;0.0;0.0;0.0;0.0;0.0;0.0;0.0;0.0;0.0;0.0;0.0;0.0;0.0;0.0;0.0;0.0;0.0;0.0;0.0;0.0;0.0;0.0";"0.0;0.0;0.0;0.0;0.0;0.0;0.0;0.0;0.0;0.0;0.0;0.0;0.0;0.0;0.0;0.0;0.0;0.0;0.0;0.0;0.0;0.0;0.0;0.0;0.0;0.0;0.0;0.0;0.0;0.0;0.0;0.0;0.0;0.0;28.41176470588235;22.113725490196078;8.874509803921569;7.96078431372549;7.5058823529411764;7.2823529411764705;7.1568627450980395;7.109803921568627;7.074509803921568;7.0627450980392155;7.050980392156863;7.050980392156863;7.066666666666666;7.074509803921568;7.090196078431372;7.105882352941176;7.109803921568627;7.113725490196078;7.145098039215687;7.152941176470589;7.152941176470589;7.188235294117647;7.203921568627451;7.180392156862745;7.207843137254902;7.231372549019608;7.270588235294118;7.36078431372549;7.454901960784314;7.686274509803922;8.16470588235294;9.709803921568627;28.772549019607844;33.64313725490196;17.466666666666665;12.007843137254902;9.384313725490196;7.4941176470588236;6.031372549019608;4.8431372549019605;3.847058823529412;3.0823529411764707;2.43921568627451;1.9725490196078432;0.0;0.0;0.0;0.0;0.0;0.0;0.0;0.0;0.0;0.0;0.0;0.0;0.0;0.0;0.0;0.0;0.0;0.0;0.0;0.0;0.0;0.0"
Е;71.01960784313725;0.0284078431372549;36.258823529411764;0.014503529411764705;140.9607843137255;0.0563843137254902;74.45882352941176;0.029783529411764705;322.69803921568626;0.03226980392156863;55.59260159440016;47.32191814116275;0.5559260159440016;0.4732191814116275;17906.47211153176;41998.38578764969;0.0001790647211153176;0.0004199838578764969;"0.0;0.0;0.0;0.0;0.0;0.0;0.0;0.0;0.0;0.0;0.0;0.0;0.0;0.0;0.0;0.0;0.0;0.0;0.0;0.0;0.0;0.0;0.0;0.0;0.0;0.0;0.0;0.0;0.0;0.0;0.0;0.0;0.0;0.0;0.0;1.8823529411764706;2.0431372549019606;2.2941176470588234;2.988235294117647;5.247058823529412;34.0;34.0;34.0;34.0;30.83921568627451;6.572549019607843;6.101960784313725;6.011764705882353;6.0;6.0;6.0;6.0;6.007843137254902;6.086274509803921;6.345098039215686;6.996078431372549;8.486274509803922;13.090196078431372;14.95686274509804;7.090196078431372;10.286274509803922;11.580392156862745;4.329411764705882;2.9607843137254903;0.5019607843137255;0.0;0.0;0.0;0.0;0.0;0.0;0.0;0.0;0.0;0.0;0.0;0.0;0.0;0.0;0.0;0.0;0.0;0.0;0.0;0.0;0.0;0.0;0.0;0.0;0.0;0.0;0.0;0.0;0.0;0.0;0.0;0.0;0.0;0.0;0.0";"0.0;0.0;0.0;0.0;0.0;0.0;0.0;0.0;0.0;0.0;0.0;0.0;0.0;0.0;0.0;0.0;0.0;0.0;0.0;0.0;0.0;0.0;0.0;0.0;0.0;0.0;0.0;0.0;0.0;0.0;0.0;0.0;0.0;0.0;0.0;0.0;0.0;0.0;0.0;26.55686274509804;23.184313725490195;9.24705882352941;7.470588235294118;6.733333333333333;6.368627450980392;6.125490196078432;5.956862745098039;4.87843137254902;4.87843137254902;5.87843137254902;6.015686274509804;6.294117647058823;6.807843137254902;8.207843137254901;18.784313725490197;18.784313725490197;8.298039215686275;6.811764705882353;6.309803921568627;6.074509803921568;5.901960784313726;4.87843137254902;4.87843137254902;4.87843137254902;6.0;6.203921568627451;6.466666666666667;6.815686274509804;7.329411764705882;8.239215686274509;10.898039215686275;23.83921568627451;26.701960784313727;0.0;0.0;0.0;0.0;0.0;0.0;0.0;0.0;0.0;0.0;0.0;0.0;0.0;0.0;0.0;0.0;0.0;0.0;0.0;0.0;0.0;0.0;0.0;0.0;0.0;0.0;0.0"
Ё;87.91372549019607;0.03516549019607843;53.15686274509804;0.021262745098039215;140.9607843137255;0.0563843137254902;74.45882352941176;0.029783529411764705;356.4901960784313;0.035649019607843134;53.403938177217974;47.523953577911;0.5340393817721797;0.47523953577911;18785.01996503568;58340.24858875512;0.0001878501996503568;0.0005834024858875512;"0.0;0.0;0.0;0.0;0.0;0.0;0.0;0.0;0.0;0.0;0.0;0.0;0.0;0.0;0.0;0.0;0.0;0.0;0.0;0.0;0.0;0.0;0.0;0.0;0.0;0.0;0.0;0.0;0.0;0.0;0.0;0.0;0.0;0.0;0.0;1.8823529411764706;2.0431372549019606;2.2941176470588234;2.988235294117647;5.247058823529412;34.0;34.0;34.254901960784316;36.627450980392155;34.501960784313724;10.505882352941176;9.745098039215685;8.580392156862745;6.203921568627451;6.0;6.0;6.36078431372549;8.72156862745098;9.776470588235295;10.27843137254902;10.611764705882353;10.96078431372549;13.2;14.95686274509804;7.090196078431372;10.286274509803922;11.580392156862745;4.329411764705882;2.9607843137254903;0.5019607843137255;0.0;0.0;0.0;0.0;0.0;0.0;0.0;0.0;0.0;0.0;0.0;0.0;0.0;0.0;0.0;0.0;0.0;0.0;0.0;0.0;0.0;0.0;0.0;0.0;0.0;0.0;0.0;0.0;0.0;0.0;0.0;0.0;0.0;0.0;0.0";"0.0;0.0;0.0;0.0;0.0;0.0;0.0;0.0;0.0;0.0;0.0;0.0;0.0;0.0;0.0;0.0;0.0;0.0;0.0;0.0;0.0;0.0;0.0;0.0;0.0;0.0;0.0;0.0;0.0;0.0;0.0;6.462745098039216;10.380392156862746;10.427450980392157;6.52156862745098;0.0;0.0;0.0;0.0;26.55686274509804;23.184313725490195;9.24705882352941;7.470588235294118;6.733333333333333;6.368627450980392;6.125490196078432;5.956862745098039;4.87843137254902;4.87843137254902;5.87843137254902;6.015686274509804;6.294117647058823;6.807843137254902;8.207843137254901;18.784313725490197;18.784313725490197;8.298039215686275;6.811764705882353;6.309803921568627;6.074509803921568;5.901960784313726;4.87843137254902;4.87843137254902;4.87843137254902;6.0;6.203921568627451;6.466666666666667;6.815686274509804;7.329411764705882;8.239215686274509;10.898039215686275;23.83921568627451;26.701960784313727;0.0;0.0;0.0;0.0;0.0;0.0;0.0;0.0;0.0;0.0;0.0;0.0;0.0;0.0;0.0;0.0;0.0;0.0;0.0;0.0;0.0;0.0;0.0;0.0;0.0;0.0;0.0"
Ж;95.70196078431373;0.03828078431372549;80.45098039215686;0.03218039215686275;191.66666666666666;0.07666666666666666;159.99607843137255;0.06399843137254903;527.8156862745097;0.052781568627450974;55.809113401142696;48.79219573083295;0.558091134011427;0.4879219573083295;62496.78793096341;62903.897025498656;0.000624967879309634;0.0006290389702549865;"0.0;0.0;0.0;0.0;0.0;0.0;0.0;0.0;0.0;0.0;0.0;0.0;0.0;0.0;0.0;0.0;0.0;0.0;0.0;0.0;0.0;0.0;0.0;0.0;0.0;0.0;0.5764705882352941;3.76078431372549;5.623529411764705;6.592156862745098;7.184313725490196;7.749019607843137;8.47843137254902;9.48235294117647;10.803921568627452;12.349019607843138;13.811764705882354;15.007843137254902;14.862745098039216;13.262745098039217;10.964705882352941;8.95686274509804;8.192156862745097;6.137254901960785;5.070588235294117;5.2784313725490195;11.223529411764705;34.0;34.0;34.0;34.0;28.152941176470588;6.423529411764706;5.098039215686274;5.474509803921569;6.968627450980392;8.588235294117647;9.717647058823529;12.031372549019608;14.105882352941176;15.050980392156863;14.631372549019607;13.168627450980392;11.784313725490197;10.141176470588235;9.031372549019608;8.12156862745098;7.462745098039216;6.913725490196079;6.223529411764706;5.031372549019608;2.215686274509804;0.10980392156862745;0.0;0.0;0.0;0.0;0.0;0.0;0.0;0.0;0.0;0.0;0.0;0.0;0.0;0.0;0.0;0.0;0.0;0.0;0.0;0.0;0.0;0.0;0.0;0.0;0.0;0.0;0.0";"0.0;0.0;0.0;0.0;0.0;0.0;0.0;0.0;0.0;0.0;0.0;0.0;0.0;0.0;0.0;0.0;0.0;0.0;0.0;0.0;0.0;0.0;0.0;0.0;0.0;0.0;0.0;0.0;0.0;0.0;0.0;0.0;0.0;0.0;0.0;0.0;0.0;0.0;0.0;23.99607843137255;24.984313725490196;25.07450980392157;25.568627450980394;18.08627450980392;9.87843137254902;9.741176470588234;9.698039215686274;9.694117647058823;9.698039215686274;9.733333333333333;9.764705882352942;9.847058823529412;10.282352941176471;11.627450980392156;17.976470588235294;16.75686274509804;14.058823529411764;13.698039215686274;13.815686274509805;13.909803921568628;13.968627450980392;14.027450980392157;14.094117647058823;14.156862745098039;14.24705882352941;14.35686274509804;14.490196078431373;14.741176470588234;15.141176470588235;15.976470588235294;17.827450980392157;24.00392156862745;32.89411764705882;0.0;0.0;0.0;0.0;0.0;0.0;0.0;0.0;0.0;0.0;0.0;0.0;0.0;0.0;0.0;0.0;0.0;0.0;0.0;0.0;0.0;0.0;0.0;0.0;0.0;0.0;0.0"
З;36.35686274509804;0.014542745098039217;61.71764705882353;0.024687058823529413;32.96470588235294;0.013185882352941176;135.2156862745098;0.054086274509803925;266.2549019607843;0.02662549019607843;54.911731349878494;52.32641578908609;0.5491173134987849;0.5232641578908609;8941.80381679323;33715.69414109734;8.94180381679323e-05;0.0003371569414109734;"0.0;0.0;0.0;0.0;0.0;0.0;0.0;0.0;0.0;0.0;0.0;0.0;0.0;0.0;0.0;0.0;0.0;0.0;0.0;0.0;0.0;0.0;0.0;0.0;0.0;0.0;0.0;0.0;0.0;0.0;0.0;0.0;0.0;0.0;0.0;0.0;0.0;0.0;0.8509803921568627;5.803921568627451;10.847058823529412;7.2;5.2784313725490195;4.337254901960784;3.980392156862745;5.694117647058824;5.756862745098039;6.019607843137255;6.454901960784314;7.098039215686274;8.20392156862745;9.83529411764706;12.192156862745097;15.56078431372549;21.16862745098039;31.219607843137254;29.32941176470588;26.266666666666666;22.137254901960784;16.031372549019608;4.988235294117647;0.0;0.0;0.0;0.0;0.0;0.0;0.0;0.0;0.0;0.0;0.0;0.0;0.0;0.0;0.0;0.0;0.0;0.0;0.0;0.0;0.0;0.0;0.0;0.0;0.0;0.0;0.0;0.0;0.0;0.0;0.0;0.0;0.0;0.0;0.0;0.0;0.0;0.0;0.0";"0.0;0.0;0.0;0.0;0.0;0.0;0.0;0.0;0.0;0.0;0.0;0.0;0.0;0.0;0.0;0.0;0.0;0.0;0.0;0.0;0.0;0.0;0.0;0.0;0.0;0.0;0.0;0.0;0.0;0.0;0.0;0.0;0.0;0.0;0.0;0.0;0.0;0.0;8.137254901960784;15.419607843137255;12.576470588235294;9.63921568627451;8.364705882352942;7.56078431372549;6.992156862745098;6.592156862745098;6.294117647058823;6.090196078431372;5.152941176470589;5.254901960784314;5.3882352941176475;5.631372549019608;6.011764705882353;7.396078431372549;10.36078431372549;8.913725490196079;7.109803921568627;5.949019607843137;5.7254901960784315;5.662745098039216;5.654901960784314;5.682352941176471;5.694117647058824;5.737254901960784;5.772549019607843;5.776470588235294;5.8431372549019605;6.76078431372549;7.298039215686274;7.650980392156863;8.286274509803922;10.231372549019607;12.572549019607843;7.070588235294117;0.0;0.0;0.0;0.0;0.0;0.0;0.0;0.0;0.0;0.0;0.0;0.0;0.0;0.0;0.0;0.0;0.0;0.0;0.0;0.0;0.0;0.0;0.0;0.0;0.0;0.0"
И;69.41568627450981;0.027766274509803925;78.28627450980392;0.031314509803921566;152.29019607843136;0.06091607843137255;142.4470588235294;0.05697882352941176;442.4392156862745;0.04424392156862745;55.490462852989666;49.288303699633055;0.5549046285298966;0.49288303699633057;45878.27194338054;49483.510737371835;0.0004587827194338054;0.0004948351073737183;"0.0;0.0;0.0;0.0;0.0;0.0;0.0;0.0;0.0;0.0;0.0;0.0;0.0;0.0;0.0;0.0;0.0;0.0;0.0;0.0;0.0;0.0;0.0;0.0;0.0;0.0;0.0;0.0;0.0;0.0;0.0;0.12549019607843137;2.074509803921569;2.23921568627451;2.5803921568627453;3.2823529411764705;8.117647058823529;34.0;34.0;34.0;34.0;29.48627450980392;7.584313725490196;5.988235294117647;5.431372549019608;5.1607843137254905;4.635294117647059;3.0;3.0;3.0;3.0;3.0;3.596078431372549;5.078431372549019;5.254901960784314;5.63921568627451;6.47843137254902;15.16078431372549;34.0;34.0;34.0;34.0;24.619607843137256;4.211764705882353;2.8980392156862744;2.403921568627451;2.145098039215686;1.2470588235294118;0.0;0.0;0.0;0.0;0.0;0.0;0.0;0.0;0.0;0.0;0.0;0.0;0.0;0.0;0.0;0.0;0.0;0.0;0.0;0.0;0.0;0.0;0.0;0.0;0.0;0.0;0.0;0.0;0.0;0.0;0.0;0.0";"0.0;0.0;0.0;0.0;0.0;0.0;0.0;0.0;0.0;0.0;0.0;0.0;0.0;0.0;0.0;0.0;0.0;0.0;0.0;0.0;0.0;0.0;0.0;0.0;0.0;0.0;0.0;0.0;0.0;0.0;0.0;0.0;0.0;0.0;0.0;0.0;0.0;0.0;0.0;29.772549019607844;17.741176470588236;12.035294117647059;10.654901960784313;10.054901960784314;9.831372549019608;10.172549019607843;11.019607843137255;11.858823529411765;12.282352941176471;12.27843137254902;12.27450980392157;12.27843137254902;12.27843137254902;12.282352941176471;12.27843137254902;12.27843137254902;12.27450980392157;12.27450980392157;12.27843137254902;12.282352941176471;12.282352941176471;12.27843137254902;12.27450980392157;12.27450980392157;11.854901960784314;11.015686274509804;10.176470588235293;9.827450980392157;10.031372549019608;10.580392156862745;11.913725490196079;17.67450980392157;29.772549019607844;0.0;0.0;0.0;0.0;0.0;0.0;0.0;0.0;0.0;0.0;0.0;0.0;0.0;0.0;0.0;0.0;0.0;0.0;0.0;0.0;0.0;0.0;0.0;0.0;0.0;0.0;0.0"
Й;104.1686274509804;0.04166745098039216;112.65882352941176;0.045063529411764704;152.29019607843136;0.06091607843137255;142.4470588235294;0.05697882352941176;511.56470588235294;0.051156470588235296;52.158437396990394;49.28949244532346;0.521584373969904;0.49289492445323463;48753.841597234525;86146.71927795684;0.00048753841597234525;0.0008614671927795684;"0.0;0.0;0.0;0.0;0.0;0.0;0.0;0.0;0.0;0.0;0.0;0.0;0.0;0.0;0.0;0.0;0.0;0.0;0.0;0.0;0.0;0.0;0.0;0.0;0.0;0.0;0.0;0.0;0.0;0.0;0.0;0.12549019607843137;2.074509803921569;2.23921568627451;2.5803921568627453;3.2823529411764705;8.117647058823529;34.0;34.0;34.0;36.9921568627451;34.909803921568624;13.847058823529412;12.098039215686274;10.305882352941177;8.435294117647059;6.764705882352941;4.5058823529411764;4.149019607843138;4.031372549019608;4.070588235294117;4.262745098039216;5.309803921568627;7.6;9.172549019607843;11.180392156862744;12.8;21.176470588235293;38.741176470588236;35.266666666666666;34.0;34.0;24.619607843137256;4.211764705882353;2.8980392156862744;2.403921568627451;2.145098039215686;1.2470588235294118;0.0;0.0;0.0;0.0;0.0;0.0;0.0;0.0;0.0;0.0;0.0;0.0;0.0;0.0;0.0;0.0;0.0;0.0;0.0;0.0;0.0;0.0;0.0;0.0;0.0;0.0;0.0;0.0;0.0;0.0;0.0;0.0";"0.0;0.0;0.0;0.0;0.0;0.0;0.0;0.0;0.0;0.0;0.0;0.0;0.0;0.0;0.0;0.0;0.0;0.0;0.0;0.0;0.0;0.0;0.0;0.0;0.0;0.0;0.0;4.427450980392157;7.568627450980392;8.929411764705883;9.6;9.874509803921569;9.83529411764706;10.262745098039217;8.627450980392156;0.0;0.0;0.0;0.0;29.772549019607844;17.741176470588236;12.035294117647059;10.654901960784313;10.054901960784314;9.831372549019608;10.172549019607843;11.019607843137255;11.858823529411765;12.282352941176471;12.27843137254902;12.27450980392157;12.27843137254902;12.27843137254902;12.282352941176471;12.27843137254902;12.27843137254902;12.27450980392157;12.27450980392157;12.27843137254902;12.282352941176471;12.282352941176471;12.27843137254902;12.27450980392157;12.27450980392157;11.854901960784314;11.015686274509804;10.176470588235293;9.827450980392157;10.031372549019608;10.580392156862745;11.913725490196079;17.67450980392157;29.772549019607844;0.0;0.0;0.0;0.0;0.0;0.0;0.0;0.0;0.0;0.0;0.0;0.0;0.0;0.0;0.0;0.0;0.0;0.0;0.0;0.0;0.0;0.0;0.0;0.0;0.0;0.0;0.0"
К;69.3529411764706;0.027741176470588238;48.67843137254902;0.019471372549019608;158.41176470588235;0.06336470588235293;89.56862745098039;0.03582745098039215;366.01176470588234;0.036601176470588234;56.051910899681786;46.618773638477286;0.5605191089968179;0.46618773638477284;25075.751313061413;43177.6215360433;0.0002507575131306141;0.00043177621536043297;"0.0;0.0;0.0;0.0;0.0;0.0;0.0;0.0;0.0;0.0;0.0;0.0;0.0;0.0;0.0;0.0;0.0;0.0;0.0;0.0;0.0;0.0;0.0;0.0;0.0;0.0;0.0;0.0;0.0;0.0;0.0;0.0;0.12549019607843137;2.074509803921569;2.23921568627451;2.5803921568627453;3.2823529411764705;8.113725490196078;34.0;34.0;34.0;34.0;29.341176470588234;6.694117647058824;5.211764705882353;5.011764705882353;5.6156862745098035;6.556862745098039;6.811764705882353;8.105882352941176;9.109803921568627;10.172549019607843;11.384313725490196;12.337254901960785;12.51764705882353;11.48235294117647;10.2;9.784313725490197;9.062745098039215;8.490196078431373;7.992156862745098;7.52156862745098;6.909803921568628;5.870588235294117;3.8901960784313725;1.0392156862745099;0.4823529411764706;0.0;0.0;0.0;0.0;0.0;0.0;0.0;0.0;0.0;0.0;0.0;0.0;0.0;0.0;0.0;0.0;0.0;0.0;0.0;0.0;0.0;0.0;0.0;0.0;0.0;0.0;0.0;0.0;0.0;0.0;0.0;0.0;0.0";"0.0;0.0;0.0;0.0;0.0;0.0;0.0;0.0;0.0;0.0;0.0;0.0;0.0;0.0;0.0;0.0;0.0;0.0;0.0;0.0;0.0;0.0;0.0;0.0;0.0;0.0;0.0;0.0;0.0;0.0;0.0;0.0;0.0;0.0;0.0;0.0;0.0;0.0;0.0;19.83529411764706;17.24705882352941;15.670588235294117;13.282352941176471;9.909803921568628;7.031372549019608;6.992156862745098;7.003921568627451;7.015686274509804;7.027450980392157;7.015686274509804;7.023529411764706;7.086274509803921;7.23921568627451;7.466666666666667;8.239215686274509;11.196078431372548;12.490196078431373;10.890196078431373;10.415686274509804;10.384313725490196;10.368627450980393;10.337254901960785;10.282352941176471;10.227450980392156;10.196078431372548;10.192156862745097;10.20392156862745;10.282352941176471;10.47843137254902;10.92156862745098;11.996078431372549;16.03921568627451;24.023529411764706;0.0;0.0;0.0;0.0;0.0;0.0;0.0;0.0;0.0;0.0;0.0;0.0;0.0;0.0;0.0;0.0;0.0;0.0;0.0;0.0;0.0;0.0;0.0;0.0;0.0;0.0;0.0"
Л;40.937254901960785;0.016374901960784314;74.11764705882354;0.029647058823529415;83.2392156862745;0.0332956862745098;127.16078431372549;0.0508643137254902;325.45490196078435;0.032545490196078435;55.82520996252606;51.81926955934981;0.5582520996252606;0.5181926955934981;24863.138133806617;42964.6450812408;0.0002486313813380662;0.000429646450812408;"0.0;0.0;0.0;0.0;0.0;0.0;0.0;0.0;0.0;0.0;0.0;0.0;0.0;0.0;0.0;0.0;0.0;0.0;0.0;0.0;0.0;0.0;0.0;0.0;0.0;0.0;0.0;0.0;0.0;0.0;0.0;0.0;1.2352941176470589;4.47843137254902;5.572549019607843;5.654901960784314;5.035294117647059;4.254901960784314;4.141176470588236;4.631372549019608;4.854901960784313;5.6196078431372545;7.529411764705882;19.764705882352942;26.470588235294116;16.933333333333334;2.0;2.0;2.0;2.0;2.0;2.5098039215686274;3.062745098039216;3.180392156862745;3.407843137254902;3.9607843137254903;20.305882352941175;34.0;34.0;34.0;34.0;15.56078431372549;3.588235294117647;2.7019607843137257;2.3019607843137253;2.1019607843137256;0.596078431372549;0.0;0.0;0.0;0.0;0.0;0.0;0.0;0.0;0.0;0.0;0.0;0.0;0.0;0.0;0.0;0.0;0.0;0.0;0.0;0.0;0.0;0.0;0.0;0.0;0.0;0.0;0.0;0.0;0.0;0.0;0.0;0.0;0.0";"0.0;0.0;0.0;0.0;0.0;0.0;0.0;0.0;0.0;0.0;0.0;0.0;0.0;0.0;0.0;0.0;0.0;0.0;0.0;0.0;0.0;0.0;0.0;0.0;0.0;0.0;0.0;0.0;0.0;0.0;0.0;0.0;0.0;0.0;0.0;0.0;0.0;0.0;0.0;27.690196078431374;21.79607843137255;8.227450980392156;7.541176470588235;7.23921568627451;7.129411764705883;7.086274509803921;7.086274509803921;7.086274509803921;7.086274509803921;7.086274509803921;7.08235294117647;7.066666666666666;7.0588235294117645;7.0588235294117645;7.03921568627451;7.031372549019608;7.023529411764706;7.019607843137255;7.003921568627451;7.015686274509804;7.0;7.011764705882353;7.031372549019608;7.0549019607843135;7.117647058823529;7.227450980392157;7.415686274509804;10.04313725490196;13.050980392156863;15.615686274509804;15.368627450980393;16.63921568627451;19.423529411764704;0.0;0.0;0.0;0.0;0.0;0.0;0.0;0.0;0.0;0.0;0.0;0.0;0.0;0.0;0.0;0.0;0.0;0.0;0.0;0.0;0.0;0.0;0.0;0.0;0.0;0.0;0.0"
М;82.72549019607843;0.03309019607843137;81.56470588235294;0.03262588235294118;172.18039215686275;0.0688721568627451;171.93333333333334;0.06877333333333334;508.4039215686275;0.05084039215686275;55.62151446665073;50.399751625618045;0.5562151446665073;0.5039975162561805;83833.73283138173;51196.38616411614;0.0008383373283138173;0.0005119638616411615;"0.0;0.0;0.0;0.0;0.0;0.0;0.0;0.0;0.0;0.0;0.0;0.0;0.0;0.0;0.0;0.0;0.0;0.0;0.0;0.0;0.0;0.0;0.0;0.0;0.0;0.0;0.0;0.2823529411764706;2.019607843137255;2.1411764705882352;2.545098039215686;3.603921568627451;13.701960784313725;34.0;33.36470588235294;9.109803921568627;10.145098039215686;11.784313725490197;12.098039215686274;11.95686274509804;11.129411764705882;11.149019607843137;11.168627450980392;11.188235294117646;11.207843137254901;11.227450980392156;11.24313725490196;11.27450980392157;10.733333333333333;7.8313725490196076;5.266666666666667;5.258823529411765;5.270588235294118;5.2823529411764705;5.294117647058823;5.305882352941176;5.317647058823529;5.819607843137255;6.345098039215686;6.423529411764706;6.690196078431373;7.372549019607843;24.29019607843137;34.0;34.0;34.0;34.0;13.474509803921569;3.3411764705882354;2.396078431372549;2.066666666666667;2.0;0.2823529411764706;0.0;0.0;0.0;0.0;0.0;0.0;0.0;0.0;0.0;0.0;0.0;0.0;0.0;0.0;0.0;0.0;0.0;0.0;0.0;0.0;0.0;0.0;0.0;0.0;0.0;0.0;0.0";"0.0;0.0;0.0;0.0;0.0;0.0;0.0;0.0;0.0;0.0;0.0;0.0;0.0;0.0;0.0;0.0;0.0;0.0;0.0;0.0;0.0;0.0;0.0;0.0;0.0;0.0;0.0;0.0;0.0;0.0;0.0;0.0;0.0;0.0;0.0;0.0;0.0;0.0;0.0;19.96470588235294;14.870588235294118;13.266666666666667;13.431372549019608;14.07843137254902;14.733333333333333;14.784313725490197;14.788235294117648;14.792156862745099;14.788235294117648;14.792156862745099;14.788235294117648;14.79607843137255;14.792156862745099;14.8;14.803921568627452;14.79607843137255;14.807843137254903;14.8;14.803921568627452;14.807843137254903;14.811764705882354;14.811764705882354;14.815686274509805;14.811764705882354;14.819607843137256;14.745098039215685;13.988235294117647;13.113725490196078;12.345098039215687;11.91764705882353;12.211764705882352;15.815686274509805;27.909803921568628;0.0;0.0;0.0;0.0;0.0;0.0;0.0;0.0;0.0;0.0;0.0;0.0;0.0;0.0;0.0;0.0;0.0;0.0;0.0;0.0;0.0;0.0;0.0;0.0;0.0;0.0;0.0"
Н;68.32941176470588;0.027331764705882354;68.28235294117647;0.02731294117647059;143.48627450980393;0.05739450980392157;142.2627450980392;0.05690509803921568;422.3607843137255;0.04223607843137255;55.501225603981354;49.191259215242056;0.5550122560398135;0.49191259215242056;45129.267652647955;47068.51505184422;0.00045129267652647953;0.00047068515051844215;"0.0;0.0;0.0;0.0;0.0;0.0;0.0;0.0;0.0;0.0;0.0;0.0;0.0;0.0;0.0;0.0;0.0;0.0;0.0;0.0;0.0;0.0;0.0;0.0;0.0;0.0;0.0;0.0;0.0;0.0;0.0;0.2196078431372549;2.0;2.074509803921569;2.4196078431372547;3.2980392156862743;11.023529411764706;34.0;34.0;34.0;34.0;26.28235294117647;6.137254901960785;4.8352941176470585;4.223529411764706;4.015686274509804;3.2862745098039214;2.0;2.0;2.0;2.0;2.0;2.4705882352941178;4.0;4.101960784313725;4.5058823529411764;5.482352941176471;16.188235294117646;34.0;34.0;34.0;34.0;22.031372549019608;3.8666666666666667;2.7333333333333334;2.184313725490196;2.007843137254902;0.9725490196078431;0.0;0.0;0.0;0.0;0.0;0.0;0.0;0.0;0.0;0.0;0.0;0.0;0.0;0.0;0.0;0.0;0.0;0.0;0.0;0.0;0.0;0.0;0.0;0.0;0.0;0.0;0.0;0.0;0.0;0.0;0.0;0.0";"0.0;0.0;0.0;0.0;0.0;0.0;0.0;0.0;0.0;0.0;0.0;0.0;0.0;0.0;0.0;0.0;0.0;0.0;0.0;0.0;0.0;0.0;0.0;0.0;0.0;0.0;0.0;0.0;0.0;0.0;0.0;0.0;0.0;0.0;0.0;0.0;0.0;0.0;0.0;29.474509803921567;16.788235294117648;11.56078431372549;10.298039215686275;9.91764705882353;9.788235294117648;9.75686274509804;9.75686274509804;9.75686274509804;9.75686274509804;9.75686274509804;9.75686274509804;9.75686274509804;9.75686274509804;9.75686274509804;9.75686274509804;25.75294117647059;25.75294117647059;9.75686274509804;9.75686274509804;9.75686274509804;9.75686274509804;9.75686274509804;9.75686274509804;9.75686274509804;9.75686274509804;9.75686274509804;9.75686274509804;9.8;9.95686274509804;10.39607843137255;11.654901960784313;16.607843137254903;29.474509803921567;0.0;0.0;0.0;0.0;0.0;0.0;0.0;0.0;0.0;0.0;0.0;0.0;0.0;0.0;0.0;0.0;0.0;0.0;0.0;0.0;0.0;0.0;0.0;0.0;0.0;0.0;0.0"
О;61.43529411764706;0.024574117647058823;61.68627450980392;0.02467450980392157;133.92156862745097;0.053568627450980386;127.91372549019607;0.051165490196078425;384.95686274509796;0.0384956862745098;55.54716596715701;49.08265759341511;0.5554716596715701;0.4908265759341511;50774.44437759619;40167.429888517894;0.0005077444437759619;0.00040167429888517895;"0.0;0.0;0.0;0.0;0.0;0.0;0.0;0.0;0.0;0.0;0.0;0.0;0.0;0.0;0.0;0.0;0.0;0.0;0.0;0.0;0.0;0.0;0.0;0.0;0.0;0.0;0.0;0.0;0.0;0.0;0.0;0.0;0.5882352941176471;10.490196078431373;16.341176470588234;20.098039215686274;22.972549019607843;25.313725490196077;25.270588235294117;15.286274509803922;10.968627450980392;8.678431372549019;6.996078431372549;5.901960784313726;5.207843137254902;4.643137254901961;4.3803921568627455;4.113725490196078;4.090196078431372;4.015686274509804;4.12156862745098;4.192156862745098;4.396078431372549;4.662745098039216;5.086274509803921;5.623529411764705;6.513725490196078;7.603921568627451;9.364705882352942;12.494117647058824;20.99607843137255;25.909803921568628;23.67450980392157;20.99607843137255;17.63137254901961;12.894117647058824;3.43921568627451;0.0;0.0;0.0;0.0;0.0;0.0;0.0;0.0;0.0;0.0;0.0;0.0;0.0;0.0;0.0;0.0;0.0;0.0;0.0;0.0;0.0;0.0;0.0;0.0;0.0;0.0;0.0;0.0;0.0;0.0;0.0;0.0;0.0";"0.0;0.0;0.0;0.0;0.0;0.0;0.0;0.0;0.0;0.0;0.0;0.0;0.0;0.0;0.0;0.0;0.0;0.0;0.0;0.0;0.0;0.0;0.0;0.0;0.0;0.0;0.0;0.0;0.0;0.0;0.0;0.0;0.0;0.0;0.0;0.0;0.0;0.0;7.63921568627451;13.768627450980393;11.47843137254902;9.533333333333333;9.27450980392157;9.337254901960785;9.63921568627451;9.901960784313726;10.239215686274509;10.533333333333333;10.760784313725491;11.015686274509804;11.231372549019607;11.35686274509804;11.486274509803922;11.607843137254902;11.635294117647058;11.64313725490196;11.623529411764705;11.619607843137254;11.513725490196078;11.392156862745098;11.262745098039217;11.137254901960784;10.905882352941177;10.670588235294117;10.47843137254902;10.176470588235293;9.913725490196079;9.733333333333333;9.533333333333333;9.529411764705882;9.890196078431373;11.784313725490197;13.91764705882353;7.792156862745098;0.0;0.0;0.0;0.0;0.0;0.0;0.0;0.0;0.0;0.0;0.0;0.0;0.0;0.0;0.0;0.0;0.0;0.0;0.0;0.0;0.0;0.0;0.0;0.0;0.0;0.0"
П;77.94509803921568;0.031178039215686272;77.03137254901961;0.030812549019607845;127.85882352941177;0.051143529411764706;127.82352941176471;0.05112941176470588;410.65882352941173;0.041065882352941174;54.86093126301113;49.2831031914284;0.5486093126301114;0.492831031914284;44928.59263838006;51963.54408620875;0.0004492859263838006;0.0005196354408620875;"0.0;0.0;0.0;0.0;0.0;0.0;0.0;0.0;0.0;0.0;0.0;0.0;0.0;0.0;0.0;0.0;0.0;0.0;0.0;0.0;0.0;0.0;0.0;0.0;0.0;0.0;0.0;0.0;0.0;0.0;0.0;0.12549019607843137;2.074509803921569;2.23921568627451;2.5803921568627453;3.2823529411764705;8.117647058823529;34.0;34.0;34.0;34.0;28.470588235294116;4.32156862745098;3.5019607843137255;3.223529411764706;3.0823529411764707;2.784313725490196;2.0;2.0;2.0;2.0;2.0;2.1882352941176473;3.0431372549019606;3.1333333333333333;3.3215686274509806;3.7176470588235295;11.925490196078432;34.0;34.0;34.0;34.0;24.619607843137256;4.211764705882353;2.8980392156862744;2.403921568627451;2.145098039215686;1.2470588235294118;0.0;0.0;0.0;0.0;0.0;0.0;0.0;0.0;0.0;0.0;0.0;0.0;0.0;0.0;0.0;0.0;0.0;0.0;0.0;0.0;0.0;0.0;0.0;0.0;0.0;0.0;0.0;0.0;0.0;0.0;0.0;0.0";"0.0;0.0;0.0;0.0;0.0;0.0;0.0;0.0;0.0;0.0;0.0;0.0;0.0;0.0;0.0;0.0;0.0;0.0;0.0;0.0;0.0;0.0;0.0;0.0;0.0;0.0;0.0;0.0;0.0;0.0;0.0;0.0;0.0;0.0;0.0;0.0;0.0;0.0;0.0;35.674509803921566;29.745098039215687;10.87843137254902;10.2;9.901960784313726;9.792156862745099;9.75686274509804;9.75686274509804;9.75686274509804;9.75686274509804;9.75686274509804;9.75686274509804;9.75686274509804;9.75686274509804;9.75686274509804;9.75686274509804;9.75686274509804;9.75686274509804;9.75686274509804;9.75686274509804;9.75686274509804;9.75686274509804;9.75686274509804;9.75686274509804;9.75686274509804;9.75686274509804;9.75686274509804;9.75686274509804;9.83529411764706;10.047058823529412;10.631372549019607;11.968627450980392;17.701960784313727;29.63137254901961;0.0;0.0;0.0;0.0;0.0;0.0;0.0;0.0;0.0;0.0;0.0;0.0;0.0;0.0;0.0;0.0;0.0;0.0;0.0;0.0;0.0;0.0;0.0;0.0;0.0;0.0;0.0"
Р;70.25882352941177;0.028103529411764708;64.8156862745098;0.02592627450980392;133.81176470588235;0.05352470588235294;49.976470588235294;0.019990588235294118;318.8627450980392;0.03188627450980392;52.79194441028163;47.769105891034314;0.5279194441028163;0.47769105891034314;15336.734094110894;31196.3973474068;0.00015336734094110893;0.000311963973474068;"0.0;0.0;0.0;0.0;0.0;0.0;0.0;0.0;0.0;0.0;0.0;0.0;0.0;0.0;0.0;0.0;0.0;0.0;0.0;0.0;0.0;0.0;0.0;0.0;0.0;0.0;0.0;0.0;0.0;0.0;0.0;0.0;0.0;0.0;0.0;0.2823529411764706;2.0;2.0549019607843135;2.364705882352941;3.2666666666666666;11.580392156862745;34.0;34.0;34.0;34.0;25.48235294117647;6.023529411764706;5.2;4.91764705882353;4.898039215686275;4.7254901960784315;4.525490196078431;5.1568627450980395;6.211764705882353;7.737254901960784;10.466666666666667;16.031372549019608;15.847058823529412;14.505882352941176;12.764705882352942;10.364705882352942;6.356862745098039;0.09803921568627451;0.0;0.0;0.0;0.0;0.0;0.0;0.0;0.0;0.0;0.0;0.0;0.0;0.0;0.0;0.0;0.0;0.0;0.0;0.0;0.0;0.0;0.0;0.0;0.0;0.0;0.0;0.0;0.0;0.0;0.0;0.0;0.0;0.0;0.0;0.0;0.0;0.0";"0.0;0.0;0.0;0.0;0.0;0.0;0.0;0.0;0.0;0.0;0.0;0.0;0.0;0.0;0.0;0.0;0.0;0.0;0.0;0.0;0.0;0.0;0.0;0.0;0.0;0.0;0.0;0.0;0.0;0.0;0.0;0.0;0.0;0.0;0.0;0.0;0.0;0.0;0.0;17.8;17.768627450980393;13.003921568627451;11.188235294117646;10.87843137254902;10.815686274509805;10.8;10.745098039215685;10.741176470588234;10.690196078431372;10.64313725490196;10.658823529411764;10.654901960784313;10.745098039215685;10.874509803921569;11.129411764705882;12.717647058823529;16.901960784313726;12.333333333333334;4.87843137254902;4.87843137254902;4.87843137254902;4.87843137254902;4.87843137254902;4.87843137254902;4.87843137254902;4.87843137254902;4.87843137254902;4.905882352941177;4.988235294117647;5.227450980392157;5.854901960784313;8.137254901960784;14.75294117647059;0.0;0.0;0.0;0.0;0.0;0.0;0.0;0.0;0.0;0.0;0.0;0.0;0.0;0.0;0.0;0.0;0.0;0.0;0.0;0.0;0.0;0.0;0.0;0.0;0.0;0.0;0.0"
С;60.1843137254902;0.02407372549019608;50.93333333333333;0.020373333333333334;136.29019607843136;0.054516078431372544;23.72156862745098;0.009488627450980393;271.1294117647059;0.027112941176470586;54.56281639619312;44.55329919870404;0.5456281639619313;0.4455329919870404;22588.57291157951;36518.257601534635;0.0002258857291157951;0.00036518257601534634;"0.0;0.0;0.0;0.0;0.0;0.0;0.0;0.0;0.0;0.0;0.0;0.0;0.0;0.0;0.0;0.0;0.0;0.0;0.0;0.0;0.0;0.0;0.0;0.0;0.0;0.0;0.0;0.0;0.0;0.0;0.0;0.0;0.0;0.24705882352941178;9.654901960784313;15.764705882352942;19.68235294117647;22.776470588235295;25.23921568627451;25.44705882352941;15.894117647058824;11.737254901960783;9.443137254901961;7.913725490196079;6.87843137254902;6.094117647058823;5.549019607843137;5.043137254901961;4.694117647058824;4.415686274509804;4.172549019607843;4.019607843137255;3.8980392156862744;3.8;3.7490196078431373;3.7215686274509805;3.792156862745098;3.9098039215686273;4.176470588235294;4.670588235294118;5.701960784313726;7.686274509803922;11.054901960784314;9.631372549019607;0.6705882352941176;0.0;0.0;0.0;0.0;0.0;0.0;0.0;0.0;0.0;0.0;0.0;0.0;0.0;0.0;0.0;0.0;0.0;0.0;0.0;0.0;0.0;0.0;0.0;0.0;0.0;0.0;0.0;0.0;0.0;0.0;0.0;0.0;0.0;0.0;0.0";"0.0;0.0;0.0;0.0;0.0;0.0;0.0;0.0;0.0;0.0;0.0;0.0;0.0;0.0;0.0;0.0;0.0;0.0;0.0;0.0;0.0;0.0;0.0;0.0;0.0;0.0;0.0;0.0;0.0;0.0;0.0;0.0;0.0;0.0;0.0;0.0;0.0;0.0;8.847058823529412;16.28627450980392;14.733333333333333;11.215686274509803;9.56078431372549;8.576470588235294;7.901960784313726;7.376470588235295;7.03921568627451;6.7176470588235295;6.525490196078431;6.337254901960784;5.513725490196078;5.6;5.670588235294118;5.729411764705882;5.764705882352941;5.784313725490196;5.792156862745098;5.76078431372549;5.7254901960784315;5.733333333333333;5.670588235294118;5.6156862745098035;5.6;5.5058823529411764;5.470588235294118;6.298039215686274;6.392156862745098;6.643137254901961;6.913725490196079;7.364705882352941;8.270588235294118;10.933333333333334;14.239215686274509;8.019607843137255;0.0;0.0;0.0;0.0;0.0;0.0;0.0;0.0;0.0;0.0;0.0;0.0;0.0;0.0;0.0;0.0;0.0;0.0;0.0;0.0;0.0;0.0;0.0;0.0;0.0;0.0"
Т;62.51372549019608;0.025005490196078433;61.74901960784314;0.024699607843137256;65.17254901960784;0.026069019607843136;61.43529411764706;0.024574117647058823;250.87058823529412;0.025087058823529414;52.21598511848934;49.47595823172637;0.5221598511848934;0.49475958231726375;8405.105975530962;32955.82248477582;8.405105975530961e-05;0.0003295582248477582;"0.0;0.0;0.0;0.0;0.0;0.0;0.0;0.0;0.0;0.0;0.0;0.0;0.0;0.0;0.0;0.0;0.0;0.0;0.0;0.0;0.0;0.0;0.0;0.0;0.0;0.0;0.0;0.0;0.0;0.0;0.0;0.0;0.0;0.0;0.0;1.7372549019607844;7.333333333333333;4.6;3.2941176470588234;2.588235294117647;2.211764705882353;2.074509803921569;2.407843137254902;3.0;3.0549019607843135;3.2823529411764705;3.8980392156862744;20.20392156862745;34.0;34.0;34.0;34.0;15.525490196078431;3.7019607843137257;3.215686274509804;3.0352941176470587;3.0;2.231372549019608;2.1176470588235294;2.3058823529411763;2.6823529411764704;3.3568627450980393;4.568627450980392;7.231372549019608;2.211764705882353;0.0;0.0;0.0;0.0;0.0;0.0;0.0;0.0;0.0;0.0;0.0;0.0;0.0;0.0;0.0;0.0;0.0;0.0;0.0;0.0;0.0;0.0;0.0;0.0;0.0;0.0;0.0;0.0;0.0;0.0;0.0;0.0;0.0;0.0;0.0";"0.0;0.0;0.0;0.0;0.0;0.0;0.0;0.0;0.0;0.0;0.0;0.0;0.0;0.0;0.0;0.0;0.0;0.0;0.0;0.0;0.0;0.0;0.0;0.0;0.0;0.0;0.0;0.0;0.0;0.0;0.0;0.0;0.0;0.0;0.0;0.0;0.0;0.0;0.0;28.15686274509804;28.258823529411764;13.24705882352941;9.976470588235294;8.48235294117647;7.607843137254902;7.1686274509803924;6.729411764705882;4.87843137254902;4.87843137254902;4.87843137254902;4.87843137254902;4.87843137254902;4.87843137254902;4.87843137254902;4.87843137254902;4.87843137254902;4.87843137254902;4.87843137254902;4.87843137254902;4.87843137254902;4.87843137254902;4.87843137254902;4.87843137254902;4.87843137254902;4.87843137254902;4.87843137254902;4.87843137254902;4.905882352941177;4.988235294117647;5.235294117647059;5.8392156862745095;8.109803921568627;14.596078431372549;0.0;0.0;0.0;0.0;0.0;0.0;0.0;0.0;0.0;0.0;0.0;0.0;0.0;0.0;0.0;0.0;0.0;0.0;0.0;0.0;0.0;0.0;0.0;0.0;0.0;0.0;0.0"
У;76.05490196078432;0.03042196078431373;43.07058823529412;0.01722823529411765;108.96862745098039;0.043587450980392156;50.13333333333333;0.020053333333333333;278.2274509803922;0.02782274509803922;53.10110221570727;47.28162879855669;0.5310110221570727;0.4728162879855669;16131.944215592308;31543.84232865385;0.00016131944215592309;0.0003154384232865385;"0.0;0.0;0.0;0.0;0.0;0.0;0.0;0.0;0.0;0.0;0.0;0.0;0.0;0.0;0.0;0.0;0.0;0.0;0.0;0.0;0.0;0.0;0.0;0.0;0.0;0.0;0.0;0.0;0.0;0.0;0.0;0.3607843137254902;1.2352941176470589;1.572549019607843;2.1372549019607843;3.015686274509804;4.309803921568627;5.933333333333334;7.788235294117647;12.415686274509804;15.494117647058824;17.698039215686276;16.627450980392158;15.43921568627451;14.68235294117647;13.831372549019608;13.04313725490196;13.066666666666666;13.168627450980392;13.20392156862745;10.909803921568628;7.419607843137255;5.113725490196078;5.290196078431372;5.407843137254902;5.43921568627451;6.349019607843137;6.811764705882353;7.490196078431373;9.305882352941177;7.635294117647059;5.3803921568627455;3.7254901960784315;2.611764705882353;1.8627450980392157;1.3725490196078431;1.0784313725490196;0.0;0.0;0.0;0.0;0.0;0.0;0.0;0.0;0.0;0.0;0.0;0.0;0.0;0.0;0.0;0.0;0.0;0.0;0.0;0.0;0.0;0.0;0.0;0.0;0.0;0.0;0.0;0.0;0.0;0.0;0.0;0.0;0.0";"0.0;0.0;0.0;0.0;0.0;0.0;0.0;0.0;0.0;0.0;0.0;0.0;0.0;0.0;0.0;0.0;0.0;0.0;0.0;0.0;0.0;0.0;0.0;0.0;0.0;0.0;0.0;0.0;0.0;0.0;0.0;0.0;0.0;0.0;0.0;0.0;0.0;0.0;0.0;24.776470588235295;17.603921568627452;11.631372549019607;9.458823529411765;8.529411764705882;8.086274509803921;7.898039215686275;7.823529411764706;7.784313725490196;7.768627450980392;7.764705882352941;7.772549019607843;7.764705882352941;7.764705882352941;7.764705882352941;7.768627450980392;7.768627450980392;7.76078431372549;7.76078431372549;7.76078431372549;7.768627450980392;7.764705882352941;7.2823529411764705;6.2784313725490195;5.258823529411765;4.227450980392157;3.184313725490196;2.3176470588235296;2.443137254901961;2.780392156862745;7.0588235294117645;10.443137254901961;9.658823529411764;8.105882352941176;4.643137254901961;0.0;0.0;0.0;0.0;0.0;0.0;0.0;0.0;0.0;0.0;0.0;0.0;0.0;0.0;0.0;0.0;0.0;0.0;0.0;0.0;0.0;0.0;0.0;0.0;0.0;0.0"
Ф;76.7607843137255;0.030704313725490196;66.94117647058823;0.026776470588235294;171.50588235294117;0.06860235294117646;150.94901960784313;0.06037960784313725;466.156862745098;0.0466156862745098;55.47662993185833;49.05232607049718;0.5547662993185832;0.4905232607049718;47248.11973271179;38358.668933140005;0.00047248119732711793;0.00038358668933140006;"0.0;0.0;0.0;0.0;0.0;0.0;0.0;0.0;0.0;0.0;0.0;0.0;0.0;0.0;0.0;0.0;0.0;0.0;0.0;0.0;0.0;0.0;0.0;0.0;0.0;0.0;0.0;0.0;0.0;0.0;0.043137254901960784;6.87843137254902;11.615686274509804;14.48235294117647;16.63529411764706;18.341176470588234;13.180392156862744;9.12156862745098;7.243137254901961;5.976470588235294;5.1568627450980395;4.662745098039216;6.203921568627451;6.372549019607843;6.525490196078431;7.129411764705883;8.968627450980392;31.729411764705883;34.0;34.0;34.0;33.76470588235294;9.576470588235294;7.247058823529412;6.63921568627451;6.4;6.407843137254902;4.658823529411765;5.12156862745098;5.866666666666666;7.0627450980392155;8.882352941176471;12.4;18.4;16.827450980392157;14.694117647058823;11.96078431372549;7.643137254901961;0.33725490196078434;0.0;0.0;0.0;0.0;0.0;0.0;0.0;0.0;0.0;0.0;0.0;0.0;0.0;0.0;0.0;0.0;0.0;0.0;0.0;0.0;0.0;0.0;0.0;0.0;0.0;0.0;0.0;0.0;0.0;0.0;0.0";"0.0;0.0;0.0;0.0;0.0;0.0;0.0;0.0;0.0;0.0;0.0;0.0;0.0;0.0;0.0;0.0;0.0;0.0;0.0;0.0;0.0;0.0;0.0;0.0;0.0;0.0;0.0;0.0;0.0;0.0;0.0;0.0;0.0;0.0;0.0;0.0;0.0;0.0;0.0;14.866666666666667;8.862745098039216;6.019607843137255;5.250980392156863;4.956862745098039;16.066666666666666;23.584313725490198;18.454901960784312;15.611764705882353;15.074509803921568;14.952941176470588;14.949019607843137;14.933333333333334;14.968627450980392;15.023529411764706;15.023529411764706;15.050980392156863;15.011764705882353;14.976470588235294;14.988235294117647;14.882352941176471;14.905882352941177;14.83529411764706;14.96078431372549;15.04313725490196;15.674509803921568;18.6;23.145098039215686;15.68235294117647;4.956862745098039;5.23921568627451;5.972549019607843;8.764705882352942;14.866666666666667;0.0;0.0;0.0;0.0;0.0;0.0;0.0;0.0;0.0;0.0;0.0;0.0;0.0;0.0;0.0;0.0;0.0;0.0;0.0;0.0;0.0;0.0;0.0;0.0;0.0;0.0;0.0"
Х;83.89019607843137;0.03355607843137255;46.674509803921566;0.018669803921568626;88.91372549019607;0.03556549019607843;129.40392156862745;0.05176156862745098;348.88235294117646;0.034888235294117644;55.420671050413084;49.50844714213455;0.5542067105041308;0.4950844714213455;24217.01530185367;45390.98582720898;0.0002421701530185367;0.00045390985827208975;"0.0;0.0;0.0;0.0;0.0;0.0;0.0;0.0;0.0;0.0;0.0;0.0;0.0;0.0;0.0;0.0;0.0;0.0;0.0;0.0;0.0;0.0;0.0;0.0;0.0;0.0;0.0;0.0;0.0;0.0;0.0;0.6549019607843137;2.172549019607843;2.6705882352941175;3.376470588235294;4.313725490196078;5.545098039215686;7.1607843137254905;9.156862745098039;11.462745098039216;12.56078431372549;12.498039215686275;13.658823529411764;14.611764705882353;14.635294117647058;13.443137254901961;13.105882352941176;12.925490196078432;10.176470588235293;8.674509803921568;8.674509803921568;10.027450980392157;11.925490196078432;12.882352941176471;13.258823529411766;14.60392156862745;16.180392156862744;16.011764705882353;15.79607843137255;14.172549019607843;11.549019607843137;9.086274509803921;6.905882352941177;5.08235294117647;3.6862745098039214;2.792156862745098;2.2941176470588234;1.1490196078431372;0.0;0.0;0.0;0.0;0.0;0.0;0.0;0.0;0.0;0.0;0.0;0.0;0.0;0.0;0.0;0.0;0.0;0.0;0.0;0.0;0.0;0.0;0.0;0.0;0.0;0.0;0.0;0.0;0.0;0.0;0.0;0.0";"0.0;0.0;0.0;0.0;0.0;0.0;0.0;0.0;0.0;0.0;0.0;0.0;0.0;0.0;0.0;0.0;0.0;0.0;0.0;0.0;0.0;0.0;0.0;0.0;0.0;0.0;0.0;0.0;0.0;0.0;0.0;0.0;0.0;0.0;0.0;0.0;0.0;0.0;0.0;28.149019607843137;18.219607843137254;12.176470588235293;10.003921568627451;9.239215686274509;9.023529411764706;8.886274509803922;8.79607843137255;8.737254901960783;8.694117647058823;8.63921568627451;8.588235294117647;8.545098039215686;7.964705882352941;6.474509803921569;5.850980392156862;5.8313725490196076;6.372549019607843;7.811764705882353;8.364705882352942;8.36078431372549;8.364705882352942;8.368627450980393;8.36078431372549;8.36078431372549;8.35686274509804;8.380392156862746;8.411764705882353;8.56078431372549;8.925490196078432;10.105882352941176;12.545098039215686;18.415686274509802;26.99607843137255;0.0;0.0;0.0;0.0;0.0;0.0;0.0;0.0;0.0;0.0;0.0;0.0;0.0;0.0;0.0;0.0;0.0;0.0;0.0;0.0;0.0;0.0;0.0;0.0;0.0;0.0;0.0"
Ц;93.7764705882353;0.03751058823529412;93.82745098039216;0.03753098039215686;112.68627450980392;0.04507450980392157;146.04705882352943;0.05841882352941177;446.3372549019608;0.044633725490196084;52.67311274337528;50.450428762212695;0.5267311274337527;0.504504287622127;52479.569878730996;64590.890822028545;0.0005247956987873099;0.0006459089082202855;"0.0;0.0;0.0;0.0;0.0;0.0;0.0;0.0;0.0;0.0;0.0;0.0;0.0;0.0;0.0;0.0;0.0;0.0;0.0;0.0;0.0;0.0;0.0;0.0;0.0;0.0;0.0;0.0;0.0;0.0;0.0;0.12549019607843137;2.074509803921569;2.23921568627451;2.5803921568627453;3.2823529411764705;8.117647058823529;34.0;34.0;34.0;34.0;28.737254901960785;4.607843137254902;3.5764705882352943;3.243137254901961;3.0901960784313727;2.788235294117647;2.0;2.0;2.0;2.0;2.0;2.2666666666666666;3.0509803921568626;3.149019607843137;3.384313725490196;3.9568627450980394;12.580392156862745;34.36470588235294;34.62352941176471;35.0;35.51764705882353;26.862745098039216;7.298039215686274;7.372549019607843;8.72156862745098;11.231372549019607;6.4941176470588236;0.0;0.0;0.0;0.0;0.0;0.0;0.0;0.0;0.0;0.0;0.0;0.0;0.0;0.0;0.0;0.0;0.0;0.0;0.0;0.0;0.0;0.0;0.0;0.0;0.0;0.0;0.0;0.0;0.0;0.0;0.0;0.0";"0.0;0.0;0.0;0.0;0.0;0.0;0.0;0.0;0.0;0.0;0.0;0.0;0.0;0.0;0.0;0.0;0.0;0.0;0.0;0.0;0.0;0.0;0.0;0.0;0.0;0.0;0.0;0.0;0.0;0.0;0.0;0.0;0.0;0.0;29.70980392156863;17.815686274509805;11.996078431372549;10.63921568627451;10.047058823529412;9.827450980392157;9.75686274509804;9.75686274509804;9.75686274509804;9.75686274509804;9.75686274509804;9.75686274509804;9.75686274509804;9.75686274509804;9.75686274509804;9.75686274509804;9.75686274509804;9.75686274509804;9.75686274509804;9.75686274509804;9.75686274509804;9.75686274509804;9.75686274509804;9.75686274509804;9.75686274509804;9.75686274509804;9.75686274509804;9.75686274509804;9.803921568627452;9.933333333333334;10.31764705882353;11.870588235294118;29.392156862745097;35.59607843137255;8.733333333333333;6.098039215686274;4.772549019607843;3.823529411764706;3.0784313725490198;2.4823529411764707;1.9607843137254901;1.5647058823529412;1.2352941176470589;0.9882352941176471;0.0;0.0;0.0;0.0;0.0;0.0;0.0;0.0;0.0;0.0;0.0;0.0;0.0;0.0;0.0;0.0;0.0;0.0;0.0;0.0;0.0;0.0"
Ч;69.04705882352941;0.027618823529411765;68.79607843137255;0.02751843137254902;64.92156862745098;0.025968627450980393;140.53725490196078;0.05621490196078431;343.3019607843137;0.034330196078431366;52.963343309497155;51.07226245687784;0.5296334330949716;0.5107226245687784;25477.030853716828;33700.248504628136;0.0002547703085371683;0.0003370024850462814;"0.0;0.0;0.0;0.0;0.0;0.0;0.0;0.0;0.0;0.0;0.0;0.0;0.0;0.0;0.0;0.0;0.0;0.0;0.0;0.0;0.0;0.0;0.0;0.0;0.0;0.0;0.0;0.0;0.0;0.0;0.0;0.0;0.1568627450980392;1.0392156862745099;1.1098039215686275;1.2980392156862746;1.6862745098039216;4.847058823529411;17.54901960784314;18.949019607843137;19.70980392156863;20.24705882352941;17.647058823529413;6.9450980392156865;5.2784313725490195;4.545098039215686;4.117647058823529;3.603921568627451;2.6941176470588237;2.545098039215686;2.443137254901961;4.286274509803921;4.403921568627451;4.623529411764705;5.227450980392157;7.325490196078431;34.0;34.0;34.0;34.0;30.92156862745098;4.7215686274509805;3.0549019607843135;2.4235294117647057;2.149019607843137;1.7529411764705882;0.0;0.0;0.0;0.0;0.0;0.0;0.0;0.0;0.0;0.0;0.0;0.0;0.0;0.0;0.0;0.0;0.0;0.0;0.0;0.0;0.0;0.0;0.0;0.0;0.0;0.0;0.0;0.0;0.0;0.0;0.0;0.0;0.0;0.0";"0.0;0.0;0.0;0.0;0.0;0.0;0.0;0.0;0.0;0.0;0.0;0.0;0.0;0.0;0.0;0.0;0.0;0.0;0.0;0.0;0.0;0.0;0.0;0.0;0.0;0.0;0.0;0.0;0.0;0.0;0.0;0.0;0.0;0.0;0.0;0.0;0.0;0.0;0.0;29.729411764705883;17.584313725490198;11.686274509803921;10.333333333333334;9.933333333333334;9.792156862745099;9.75686274509804;9.75686274509804;9.75686274509804;9.75686274509804;9.75686274509804;9.768627450980393;9.788235294117648;9.831372549019608;9.901960784313726;10.105882352941176;11.843137254901961;16.49411764705882;20.662745098039217;17.050980392156863;11.447058823529412;4.87843137254902;4.87843137254902;4.87843137254902;4.87843137254902;4.87843137254902;4.87843137254902;4.87843137254902;4.890196078431373;4.968627450980392;5.176470588235294;5.8431372549019605;8.701960784313725;14.83529411764706;0.0;0.0;0.0;0.0;0.0;0.0;0.0;0.0;0.0;0.0;0.0;0.0;0.0;0.0;0.0;0.0;0.0;0.0;0.0;0.0;0.0;0.0;0.0;0.0;0.0;0.0;0.0"
Ш;98.30588235294118;0.039322352941176475;103.19607843137256;0.041278431372549024;197.65490196078431;0.07906196078431373;207.96470588235294;0.08318588235294118;607.121568627451;0.0607121568627451;56.24653136626705;49.7047721165771;0.5624653136626705;0.49704772116577095;128973.41299749128;75386.36720526934;0.0012897341299749128;0.0007538636720526935;"0.0;0.0;0.0;0.0;0.0;0.0;0.0;0.0;0.0;0.0;0.0;0.0;0.0;0.0;0.0;0.0;0.0;0.0;0.0;0.0;0.0;0.0;0.0;0.0;0.0;1.1254901960784314;2.203921568627451;2.533333333333333;3.2549019607843137;8.913725490196079;34.0;34.0;34.0;34.0;27.95294117647059;4.596078431372549;3.5137254901960784;3.180392156862745;2.6862745098039214;2.0;2.0;2.0;2.0;2.1254901960784314;3.0901960784313727;3.3176470588235296;3.835294117647059;11.631372549019607;34.0;34.0;34.0;34.0;25.372549019607842;4.43921568627451;3.5294117647058822;3.176470588235294;2.5686274509803924;2.0;2.0;2.0;2.0;2.219607843137255;3.1019607843137256;3.3294117647058825;3.8745098039215686;14.72156862745098;34.0;34.0;34.0;34.0;22.015686274509804;3.8627450980392157;2.6941176470588237;2.23921568627451;2.0;0.01568627450980392;0.0;0.0;0.0;0.0;0.0;0.0;0.0;0.0;0.0;0.0;0.0;0.0;0.0;0.0;0.0;0.0;0.0;0.0;0.0;0.0;0.0;0.0;0.0;0.0";"0.0;0.0;0.0;0.0;0.0;0.0;0.0;0.0;0.0;0.0;0.0;0.0;0.0;0.0;0.0;0.0;0.0;0.0;0.0;0.0;0.0;0.0;0.0;0.0;0.0;0.0;0.0;0.0;0.0;0.0;0.0;0.0;0.0;0.0;0.0;0.0;0.0;0.0;0.0;39.043137254901964;25.91764705882353;17.807843137254903;15.819607843137256;15.015686274509804;14.72156862745098;14.635294117647058;14.635294117647058;14.635294117647058;14.635294117647058;14.635294117647058;14.635294117647058;14.635294117647058;14.635294117647058;14.635294117647058;14.635294117647058;14.635294117647058;14.635294117647058;14.635294117647058;14.635294117647058;14.635294117647058;14.635294117647058;14.635294117647058;14.635294117647058;14.635294117647058;14.635294117647058;14.635294117647058;14.635294117647058;14.690196078431372;14.882352941176471;15.407843137254902;18.101960784313725;44.17254901960784;49.56470588235294;0.0;0.0;0.0;0.0;0.0;0.0;0.0;0.0;0.0;0.0;0.0;0.0;0.0;0.0;0.0;0.0;0.0;0.0;0.0;0.0;0.0;0.0;0.0;0.0;0.0;0.0;0.0"
Щ;133.71764705882353;0.053487058823529415;140.9607843137255;0.0563843137254902;162.24313725490197;0.06489725490196079;203.94509803921568;0.08157803921568627;640.8666666666667;0.06408666666666667;52.276108945606744;50.876056320791086;0.5227610894560675;0.5087605632079109;144957.1000814809;87826.37416531895;0.001449571000814809;0.0008782637416531895;"0.0;0.0;0.0;0.0;0.0;0.0;0.0;0.0;0.0;0.0;0.0;0.0;0.0;0.0;0.0;0.0;0.0;0.0;0.0;0.0;0.0;0.0;0.0;0.0;0.0;1.1254901960784314;2.203921568627451;2.533333333333333;3.2549019607843137;8.913725490196079;34.0;34.0;34.0;34.0;27.95294117647059;4.596078431372549;3.5137254901960784;3.180392156862745;2.6862745098039214;2.0;2.0;2.0;2.0;2.1254901960784314;3.0901960784313727;3.3176470588235296;3.835294117647059;11.631372549019607;34.0;34.0;34.0;34.0;25.372549019607842;4.43921568627451;3.5294117647058822;3.176470588235294;2.5686274509803924;2.0;2.0;2.0;2.0;2.223529411764706;3.1333333333333333;3.403921568627451;4.031372549019608;15.007843137254902;34.46666666666667;34.741176470588236;35.15686274509804;35.75686274509804;24.59607843137255;7.482352941176471;7.913725490196079;9.941176470588236;11.79607843137255;0.16862745098039217;0.0;0.0;0.0;0.0;0.0;0.0;0.0;0.0;0.0;0.0;0.0;0.0;0.0;0.0;0.0;0.0;0.0;0.0;0.0;0.0;0.0;0.0;0.0;0.0";"0.0;0.0;0.0;0.0;0.0;0.0;0.0;0.0;0.0;0.0;0.0;0.0;0.0;0.0;0.0;0.0;0.0;0.0;0.0;0.0;0.0;0.0;0.0;0.0;0.0;0.0;0.0;0.0;0.0;0.0;0.0;0.0;0.0;0.0;39.043137254901964;25.91764705882353;17.807843137254903;15.819607843137256;15.015686274509804;14.72156862745098;14.635294117647058;14.635294117647058;14.635294117647058;14.635294117647058;14.635294117647058;14.635294117647058;14.635294117647058;14.635294117647058;14.635294117647058;14.635294117647058;14.635294117647058;14.635294117647058;14.635294117647058;14.635294117647058;14.635294117647058;14.635294117647058;14.635294117647058;14.635294117647058;14.635294117647058;14.635294117647058;14.635294117647058;14.635294117647058;14.694117647058823;14.882352941176471;15.407843137254902;18.062745098039215;43.8;49.32941176470588;8.772549019607844;5.925490196078432;4.6117647058823525;3.6901960784313728;2.992156862745098;2.450980392156863;2.0;1.6235294117647059;1.3019607843137255;1.0196078431372548;0.0;0.0;0.0;0.0;0.0;0.0;0.0;0.0;0.0;0.0;0.0;0.0;0.0;0.0;0.0;0.0;0.0;0.0;0.0;0.0;0.0;0.0"
Ъ;91.3843137254902;0.03655372549019608;4.329411764705882;0.0017317647058823528;126.10980392156863;0.05044392156862745;131.18823529411765;0.05247529411764706;353.01176470588234;0.03530117647058823;56.99947788220134;49.809849141282854;0.5699947788220134;0.4980984914128285;23924.67524608368;39745.423433178286;0.0002392467524608368;0.00039745423433178287;"0.0;0.0;0.0;0.0;0.0;0.0;0.0;0.0;0.0;0.0;0.0;0.0;0.0;0.0;0.0;0.0;0.0;0.0;0.0;0.0;0.0;0.0;0.0;0.0;0.0;0.0;0.0;0.0;0.0;0.0;0.0;0.0;3.541176470588235;6.913725490196079;4.1607843137254905;3.1019607843137256;2.545098039215686;2.2549019607843137;2.3568627450980393;3.0980392156862746;3.156862745098039;3.3294117647058825;3.7411764705882353;12.403921568627451;34.0;34.0;34.0;34.0;24.43921568627451;6.450980392156863;5.580392156862745;5.243137254901961;5.152941176470589;4.874509803921568;4.6156862745098035;5.1647058823529415;5.862745098039215;6.827450980392157;8.184313725490195;10.615686274509804;15.866666666666667;15.596078431372549;14.266666666666667;12.407843137254902;9.874509803921569;5.3843137254901965;0.0;0.0;0.0;0.0;0.0;0.0;0.0;0.0;0.0;0.0;0.0;0.0;0.0;0.0;0.0;0.0;0.0;0.0;0.0;0.0;0.0;0.0;0.0;0.0;0.0;0.0;0.0;0.0;0.0;0.0;0.0;0.0;0.0;0.0";"0.0;0.0;0.0;0.0;0.0;0.0;0.0;0.0;0.0;0.0;0.0;0.0;0.0;0.0;0.0;0.0;0.0;0.0;0.0;0.0;0.0;0.0;0.0;0.0;0.0;0.0;0.0;0.0;0.0;0.0;0.0;0.0;0.0;0.0;0.0;0.0;0.0;0.0;0.0;20.87450980392157;17.96078431372549;9.760784313725491;7.564705882352941;6.674509803921569;6.262745098039216;6.043137254901961;5.9372549019607845;4.87843137254902;4.87843137254902;4.87843137254902;4.87843137254902;4.87843137254902;4.87843137254902;4.87843137254902;13.415686274509804;17.270588235294117;13.313725490196079;11.529411764705882;10.992156862745098;10.760784313725491;10.654901960784313;10.60392156862745;10.60392156862745;10.588235294117647;10.584313725490196;10.615686274509804;10.658823529411764;10.811764705882354;11.141176470588235;11.760784313725491;13.803921568627452;19.392156862745097;19.28235294117647;0.0;0.0;0.0;0.0;0.0;0.0;0.0;0.0;0.0;0.0;0.0;0.0;0.0;0.0;0.0;0.0;0.0;0.0;0.0;0.0;0.0;0.0;0.0;0.0;0.0;0.0;0.0"
Ы;69.3843137254902;0.02775372549019608;68.55294117647058;0.027421176470588234;196.99607843137255;0.07879843137254902;187.23529411764707;0.07489411764705883;522.1686274509805;0.05221686274509805;57.243246490878924;48.92458299850548;0.5724324649087893;0.4892458299850548;84628.16730380782;56862.974468262444;0.0008462816730380781;0.0005686297446826245;"0.0;0.0;0.0;0.0;0.0;0.0;0.0;0.0;0.0;0.0;0.0;0.0;0.0;0.0;0.0;0.0;0.0;0.0;0.0;0.0;0.0;0.0;0.0;0.0;0.0;0.0;0.0;0.12549019607843137;2.074509803921569;2.23921568627451;2.5803921568627453;3.2823529411764705;8.117647058823529;34.0;34.0;34.0;34.0;28.976470588235294;6.749019607843137;5.694117647058824;5.2745098039215685;5.152941176470589;5.015686274509804;4.545098039215686;5.050980392156863;5.713725490196079;6.647058823529412;7.913725490196079;10.031372549019608;15.196078431372548;15.780392156862746;14.525490196078431;12.768627450980393;10.376470588235295;6.568627450980392;0.27450980392156865;0.7529411764705882;2.015686274509804;2.16078431372549;2.607843137254902;3.6862745098039214;18.49411764705882;34.0;34.0;34.0;34.0;18.627450980392158;3.6705882352941175;2.5803921568627453;2.156862745098039;2.019607843137255;0.7215686274509804;0.0;0.0;0.0;0.0;0.0;0.0;0.0;0.0;0.0;0.0;0.0;0.0;0.0;0.0;0.0;0.0;0.0;0.0;0.0;0.0;0.0;0.0;0.0;0.0;0.0;0.0;0.0;0.0";"0.0;0.0;0.0;0.0;0.0;0.0;0.0;0.0;0.0;0.0;0.0;0.0;0.0;0.0;0.0;0.0;0.0;0.0;0.0;0.0;0.0;0.0;0.0;0.0;0.0;0.0;0.0;0.0;0.0;0.0;0.0;0.0;0.0;0.0;0.0;0.0;0.0;0.0;0.0;29.568627450980394;17.349019607843136;11.901960784313726;10.52156862745098;10.0;9.811764705882354;9.75686274509804;9.75686274509804;9.75686274509804;9.75686274509804;9.75686274509804;9.75686274509804;9.75686274509804;9.75686274509804;9.75686274509804;18.29019607843137;22.149019607843137;18.188235294117646;16.4078431372549;15.870588235294118;15.64313725490196;15.533333333333333;15.48235294117647;15.47843137254902;15.462745098039216;15.462745098039216;15.494117647058824;15.537254901960784;15.713725490196078;16.129411764705882;16.988235294117647;19.686274509803923;27.67450980392157;34.01176470588236;0.0;0.0;0.0;0.0;0.0;0.0;0.0;0.0;0.0;0.0;0.0;0.0;0.0;0.0;0.0;0.0;0.0;0.0;0.0;0.0;0.0;0.0;0.0;0.0;0.0;0.0;0.0"
Ь;68.6156862745098;0.02744627450980392;0.7686274509803922;0.00030745098039215685;137.74901960784314;0.055099607843137256;119.7764705882353;0.04791058823529412;326.9098039215686;0.03269098039215686;58.29601017250065;48.18330894172404;0.5829601017250066;0.48183308941724046;17307.740612005942;32314.179031307347;0.00017307740612005943;0.0003231417903130735;"0.0;0.0;0.0;0.0;0.0;0.0;0.0;0.0;0.0;0.0;0.0;0.0;0.0;0.0;0.0;0.0;0.0;0.0;0.0;0.0;0.0;0.0;0.0;0.0;0.0;0.0;0.0;0.0;0.0;0.0;0.0;0.0;0.0;0.0;0.0;0.1568627450980392;2.074509803921569;2.243137254901961;2.592156862745098;3.3137254901960786;9.058823529411764;34.0;34.0;34.0;34.0;28.15686274509804;6.682352941176471;5.666666666666667;5.266666666666667;5.152941176470589;5.003921568627451;4.56078431372549;5.074509803921568;5.745098039215686;6.682352941176471;7.968627450980392;10.133333333333333;15.337254901960785;15.764705882352942;14.498039215686275;12.737254901960783;10.333333333333334;6.486274509803922;0.2196078431372549;0.0;0.0;0.0;0.0;0.0;0.0;0.0;0.0;0.0;0.0;0.0;0.0;0.0;0.0;0.0;0.0;0.0;0.0;0.0;0.0;0.0;0.0;0.0;0.0;0.0;0.0;0.0;0.0;0.0;0.0;0.0;0.0;0.0;0.0;0.0;0.0";"0.0;0.0;0.0;0.0;0.0;0.0;0.0;0.0;0.0;0.0;0.0;0.0;0.0;0.0;0.0;0.0;0.0;0.0;0.0;0.0;0.0;0.0;0.0;0.0;0.0;0.0;0.0;0.0;0.0;0.0;0.0;0.0;0.0;0.0;0.0;0.0;0.0;0.0;0.0;14.831372549019608;8.901960784313726;6.0;5.32156862745098;5.023529411764706;4.913725490196079;4.87843137254902;4.87843137254902;4.87843137254902;4.87843137254902;4.87843137254902;4.87843137254902;4.87843137254902;4.87843137254902;4.87843137254902;13.427450980392157;17.28235294117647;13.325490196078432;11.549019607843137;11.007843137254902;10.780392156862746;10.670588235294117;10.619607843137254;10.615686274509804;10.6;10.6;10.627450980392156;10.674509803921568;10.823529411764707;11.156862745098039;11.772549019607844;13.803921568627452;19.4;19.274509803921568;0.0;0.0;0.0;0.0;0.0;0.0;0.0;0.0;0.0;0.0;0.0;0.0;0.0;0.0;0.0;0.0;0.0;0.0;0.0;0.0;0.0;0.0;0.0;0.0;0.0;0.0;0.0"
Э;53.23137254901961;0.021292549019607844;57.67843137254902;0.023071372549019607;35.64313725490196;0.014257254901960783;153.69019607843137;0.061476078431372545;300.24313725490197;0.030024313725490196;54.63019513596823;53.473433295890906;0.5463019513596823;0.534734332958909;22883.578287544475;36601.33613680262;0.00022883578287544474;0.0003660133613680262;"0.0;0.0;0.0;0.0;0.0;0.0;0.0;0.0;0.0;0.0;0.0;0.0;0.0;0.0;0.0;0.0;0.0;0.0;0.0;0.0;0.0;0.0;0.0;0.0;0.0;0.0;0.0;0.0;0.0;0.0;0.0;0.0;0.0;0.0;0.3254901960784314;1.7529411764705882;11.372549019607844;10.937254901960785;7.607843137254902;5.905882352941177;5.223529411764706;4.784313725490196;4.4941176470588236;4.266666666666667;4.113725490196078;4.023529411764706;5.741176470588235;6.003921568627451;6.08235294117647;6.23921568627451;6.482352941176471;6.8313725490196076;7.313725490196078;7.9411764705882355;8.79607843137255;9.803921568627452;11.298039215686275;13.309803921568628;16.772549019607844;24.454901960784312;25.227450980392156;22.894117647058824;20.109803921568627;16.619607843137256;11.576470588235294;1.9372549019607843;0.0;0.0;0.0;0.0;0.0;0.0;0.0;0.0;0.0;0.0;0.0;0.0;0.0;0.0;0.0;0.0;0.0;0.0;0.0;0.0;0.0;0.0;0.0;0.0;0.0;0.0;0.0;0.0;0.0;0.0;0.0;0.0;0.0;0.0";"0.0;0.0;0.0;0.0;0.0;0.0;0.0;0.0;0.0;0.0;0.0;0.0;0.0;0.0;0.0;0.0;0.0;0.0;0.0;0.0;0.0;0.0;0.0;0.0;0.0;0.0;0.0;0.0;0.0;0.0;0.0;0.0;0.0;0.0;0.0;0.0;0.0;0.0;8.529411764705882;15.803921568627452;14.941176470588236;11.623529411764705;9.894117647058824;8.658823529411764;7.819607843137255;7.192156862745098;6.890196078431373;6.584313725490196;6.52156862745098;6.450980392156863;5.513725490196078;5.635294117647059;5.701960784313726;5.745098039215686;19.16078431372549;19.223529411764705;5.866666666666666;5.866666666666666;5.8431372549019605;5.847058823529411;5.803921568627451;5.8;5.752941176470588;5.745098039215686;5.698039215686275;6.474509803921569;6.819607843137255;7.007843137254902;7.219607843137255;7.627450980392157;8.423529411764706;10.882352941176471;13.901960784313726;7.772549019607843;0.0;0.0;0.0;0.0;0.0;0.0;0.0;0.0;0.0;0.0;0.0;0.0;0.0;0.0;0.0;0.0;0.0;0.0;0.0;0.0;0.0;0.0;0.0;0.0;0.0;0.0"
Ю;110.06274509803922;0.044025098039215685;81.10588235294118;0.03244235294117647;255.22745098039215;0.10209098039215686;148.51764705882354;0.05940705882352942;594.913725490196;0.0594913725490196;55.55172277410467;48.00256422087895;0.5555172277410467;0.4800256422087895;143231.23922556106;63679.04277354113;0.0014323123922556106;0.0006367904277354113;"0.0;0.0;0.0;0.0;0.0;0.0;0.0;0.0;0.0;0.0;0.0;0.0;0.0;0.0;0.0;0.0;0.0;0.0;0.0;0.0;0.0;0.0;0.0;0.06274509803921569;2.0;2.1019607843137256;2.4;3.2;8.674509803921568;34.0;34.0;34.0;34.0;28.44705882352941;6.419607843137255;4.784313725490196;4.223529411764706;4.035294117647059;3.443137254901961;2.0;2.2941176470588234;10.564705882352941;16.349019607843136;20.098039215686274;22.984313725490196;25.32941176470588;25.223529411764705;15.24705882352941;10.905882352941177;8.501960784313725;6.964705882352941;5.870588235294117;5.1568627450980395;4.643137254901961;4.337254901960784;4.113725490196078;4.043137254901961;4.0;4.078431372549019;4.180392156862745;4.337254901960784;4.627450980392157;5.0;5.6;6.450980392156863;7.690196078431373;9.698039215686274;12.901960784313726;21.466666666666665;25.92549019607843;23.67058823529412;20.984313725490196;17.6;12.858823529411765;3.4235294117647057;0.0;0.0;0.0;0.0;0.0;0.0;0.0;0.0;0.0;0.0;0.0;0.0;0.0;0.0;0.0;0.0;0.0;0.0;0.0;0.0;0.0;0.0;0.0;0.0;0.0";"0.0;0.0;0.0;0.0;0.0;0.0;0.0;0.0;0.0;0.0;0.0;0.0;0.0;0.0;0.0;0.0;0.0;0.0;0.0;0.0;0.0;0.0;0.0;0.0;0.0;0.0;0.0;0.0;0.0;0.0;0.0;0.0;0.0;0.0;0.0;0.0;0.0;0.0;7.52156862745098;28.36078431372549;19.650980392156864;15.321568627450981;14.39607843137255;14.333333333333334;14.541176470588235;14.894117647058824;15.113725490196078;15.462745098039216;15.698039215686274;15.874509803921569;16.133333333333333;16.27843137254902;16.352941176470587;16.48627450980392;16.54901960784314;23.611764705882354;23.584313725490198;16.51764705882353;16.431372549019606;16.333333333333332;16.211764705882352;16.08235294117647;15.83529411764706;15.63921568627451;15.4;15.105882352941176;14.886274509803922;14.627450980392156;14.513725490196078;14.72549019607843;15.72156862745098;20.023529411764706;28.83137254901961;7.862745098039215;0.0;0.0;0.0;0.0;0.0;0.0;0.0;0.0;0.0;0.0;0.0;0.0;0.0;0.0;0.0;0.0;0.0;0.0;0.0;0.0;0.0;0.0;0.0;0.0;0.0;0.0"
Я;64.1686274509804;0.025667450980392158;72.69019607843137;0.029076078431372547;129.58823529411765;0.05183529411764706;142.84313725490196;0.05713725490196078;409.29019607843145;0.04092901960784315;55.56537860859067;50.48359187114947;0.5556537860859067;0.5048359187114947;25409.76529835037;45185.5691728011;0.0002540976529835037;0.000451855691728011;"0.0;0.0;0.0;0.0;0.0;0.0;0.0;0.0;0.0;0.0;0.0;0.0;0.0;0.0;0.0;0.0;0.0;0.0;0.0;0.0;0.0;0.0;0.0;0.0;0.0;0.0;0.0;0.0;0.0;0.0;0.0;0.4627450980392157;1.1450980392156862;1.3647058823529412;1.6823529411764706;2.1294117647058823;2.776470588235294;3.6666666666666665;4.811764705882353;11.415686274509804;16.36470588235294;18.929411764705883;20.54901960784314;21.788235294117648;21.729411764705883;16.91764705882353;14.784313725490197;13.27843137254902;11.023529411764706;8.937254901960785;7.090196078431372;6.411764705882353;5.188235294117647;5.180392156862745;5.517647058823529;6.76078431372549;34.0;34.0;34.0;34.0;30.04705882352941;4.654901960784314;2.8627450980392157;2.211764705882353;2.015686274509804;1.592156862745098;0.0;0.0;0.0;0.0;0.0;0.0;0.0;0.0;0.0;0.0;0.0;0.0;0.0;0.0;0.0;0.0;0.0;0.0;0.0;0.0;0.0;0.0;0.0;0.0;0.0;0.0;0.0;0.0;0.0;0.0;0.0;0.0;0.0;0.0";"0.0;0.0;0.0;0.0;0.0;0.0;0.0;0.0;0.0;0.0;0.0;0.0;0.0;0.0;0.0;0.0;0.0;0.0;0.0;0.0;0.0;0.0;0.0;0.0;0.0;0.0;0.0;0.0;0.0;0.0;0.0;0.0;0.0;0.0;0.0;0.0;0.0;0.0;0.0;18.972549019607843;19.105882352941176;12.72549019607843;11.427450980392157;11.019607843137255;10.815686274509805;10.698039215686274;10.615686274509804;10.552941176470588;10.501960784313725;10.423529411764706;10.372549019607844;10.36078431372549;10.384313725490196;10.486274509803922;11.254901960784315;14.062745098039215;14.070588235294117;10.886274509803922;10.75294117647059;10.709803921568627;10.674509803921568;10.635294117647058;10.6;10.564705882352941;10.529411764705882;10.494117647058824;10.47843137254902;10.513725490196078;10.698039215686274;11.156862745098039;12.305882352941177;16.141176470588235;24.298039215686273;0.0;0.0;0.0;0.0;0.0;0.0;0.0;0.0;0.0;0.0;0.0;0.0;0.0;0.0;0.0;0.0;0.0;0.0;0.0;0.0;0.0;0.0;0.0;0.0;0.0;0.0;0.0"
